Company Name,Email
Testbook,support@testbook.com
Aachho,support@aachho.com
Toppr,info@toppr.com
Snitch, support@snitch.co.in
Lifestylestores,help@lifestylestores.com
Phoneixmills,marketing.indore@phoenixmills.com
M bajaar,customercare@mbaazar.in
Octave,Octave@femellafashions.com
Business-standard,letters@business-standard.com
Bsmail,assist@bsmail.in
Indiafillings,hr@indiafilings.com
Eql,care@eql.app
Investindia,contact@investindia.org.in
Dhani,support@dhani.com
Cscestore,info@cscestore.in
Kottail,info@kottail.com
Montecarlo,info@montecarlo.in
Andindia,care@andindia.com
Houseofanitadongre,press@houseofanitadongre.com