Company Name,Email
CASSIOPEIA CONSULTING SERVICES LLP,consulting2023services@gmail.com
MOHTA HARDWARE & TOOLS LLP,mohata.robin95@gmail.com
TATLONG KUYA ESTATES LLP,sgenomal@gmail.com
J J RESTRO & BAR LLP,hitenprajapat71@gmail.com
PANCHAMI ASSOCIATES LLP,panchamiassociatesllp@gmail.com
GREENTICK ADVISO LLP,connect@greentickadviso.in
RSTK CONSTRUCTIONS LLP,rstkcons@gmail.com
METTALINE INDUSTRIES LLP,mettalineindustries@gmail.com
MAYGRAM CONSULTING PARTNERS LLP,divyanshj@gmail.com
N CUBE PROPERTIES LLP,ramesh.KRE@gmail.com
TARANG FIRE SOLUTIONS LLP,hariharakoinad@gmail.com
BHULNI STEELWORX LLP,Jitendrasrivastavjssl@gmail.com
ASAHI KOUTSUU SERVICE LLP,hrsandeep82@rediffmail.com
KEY GARDEN ASSOCIATES LLP,NKRPMNA@GMAIL.COM
SOLHARDS GLOBAL CONSULTING LLP,sgconsultingllp@gmail.com
CHAILOKA ENTERPRISES LLP,arun@chailoka.com
F2C TRADERS LLP,sunilkoyilandy@gmail.com
FAITH-9 VAASTU DEVELOPERS LLP,faith.scaffold@gmail.com
JODIWAL TECHNOLOGIES LLP,mjodiwal@gmail.com
DIKENI EXIM LLP,ketan@bangalorerefinery.com
EXAFLUENCE LLP,sreenivas@exafluence.com
TIRUPATI BALAJI PROMOTERS LLP,TIRUPATIBALAJI2023.KTR@GMAIL.COM
Discovery Mediscan LLP,wiins_kpr@rediffmail.com
FUNGAME PARADISE LLP,kheloadda@gmail.com
RVM SKILLUP LLP,accounts@swarnagriha.com
VIXEL BUSINESS SOLUTIONS LLP,harshkherwal5555@gmail.com
Panacea Craftnet LLP,manish.dxt89@gmail.com
GYPVIN RAPIDWALL LLP,suraj.haree@gmail.com
J A JEWELLERS LLP,dkandco@rediffmail.com
KAKKAD SHAH PROMOTERS LLP,anand@kakkad.co.in
AZONE INFRA & ENGG LLP,shamshu.a.shaikh@gmail.com
AADRUTHA CONSULTANTS LLP,sanjayanandaram@gmail.com
THINKSTREAM TECH SOLUTIONS LLP,kapsmathur@gmail.com
ATLANTIC CLUB E ZONE INDIA LLP,laadliinternational9506@gmail.com
AMNAYA HOMES LLP,admin@dhawanalliances.com
ARTHANAREESWARAR VENTURES LLP,nithishtcd99@gmail.com
SSPD VISION LLP,thevisioncarecenter@gmail.com
Srnapps Technologies LLP,developer.srn@gmail.com
NAVA MANIFEST REALTY LLP,jnaveenreddy8588@gmail.com
KAARI BABA POLY FAB'S LLP,Biru.shaw220@gmail.com
EMPIRE PLATFORMS LLP,alok@empireplatforms.com
PRESTIC PET INDUSTRIES LLP,yashk2204@gmail.com
TOMAR LOGISTICS LLP,rajtomar68@hotmail.com
TECHFLUENT SMARTPHONE ENGINEERING INSTITUTE LLP,ottappalam@britco.co.in
CROPURE IMPEX INDIA LLP,dgauri09@gmail.com
RAJAN K GUPTA & CO LLP,rajan@carajangupta.com
MC SOFTWARE SOLUTIONS LLP,mchinnasamy007@gmail.com
AKREETI TRADECORP LLP,kamaldrolia@akritisalescorp.com
TINY POCKET LLP,preetiman.misra@gmail.com
YAGNA HOSPITAL LLP,rahulchaurasia852@gmail.com
AADHUNIK MEASUREMENT SOLUTIONS LLP,sujananchan@outlook.com
GREEN WOOD REALESTATE LLP,gautamsingh22033@gmail.com
KAMDAR INNOVATIONS LLP,kamdarzeel@gmail.com
AFL COUNSELING SERVICES LLP,melwyn.scudder@gmail.com
KALANGAN ACADEMY LLP,asmitamangesh@gmail.com
SPINEL PARTNERS ADVISORY LLP,Madhur@amberstudent.com
ISHAZ TRADE LINKS LLP,roc.hmtandco@gmail.com
A12 AVISRIS CONSTRUCTION LLP,hrishikeshrichu4@gmail.com
BROKENVERSE TECHNOLOGIES LLP,sellbuychintu@gmail.com
GIGA LABS LLP,ksjco.ca@gmail.com
KAPRISAN OVERSEAS LLP,sandip.mehta01@gmail.com
DJPS VENTURES LLP,jaiswaldeepak721@gmail.com
PETOLOGY MULTISPECIES VETERINARY SERVICES LLP,vanjarichetan18@gmail.com
TILAD CONSULTING LLP,bennetdavid@gmail.com
NISHCLINIC LLP,dr.niravdesai@yahoo.co.in
NVR REALITY LLP,jnaveenreddy8588@gmail.com
BLUE BIRD ADVENTURES LLP,rakeshprabhuvj@gmail.com
SWASTIKANAND FASHION APPARELS LLP,iambharath.as@gmail.com
SUGOYA INDIA LLP,mukeshgoyal@hotmail.com
QUEENSPICES & HERBS LLP,DARSHANA.DESIGNER@GMAIL.COM
SECRET SHAWARMA LLP,ghoshciza@gmail.com
RUVEXA ENTERPRISES LLP,nimeshee21@gmail.com
TEAK NURTURING TOURISM LLP,sarika.jodhani07@gmail.com
TROFEO PROF LLP,aryanjacobind@gmail.com
ARKLIGHT BRANDING AND MARKETING LLP,WORK.MSABNIS@GMAIL.COM
OUROBOROS INDUSTRIES LLP,ouroboros-industries@gmx.us
SUNPARK RESORTS LLP,OMP.VERMA@SUNPARKRESORTS.COM
TABIT SERVICES LLP,tabusiness2@gmail.com
KAMAL LUGGAGE LLP,kamal1969@kamalwatch.com
SIMPLSEA MARINE SOLUTIONS LLP,4u.prabhakar@gmail.com
SHAURYA INFRAVISION II LLP,finance2@jobsplash.in